Micro Agent Creation Time, Micro Agent Killing Time
1.4743333333333333E-4, 8.143604786826228E-5